	s__Fusobacterium_nucleatum	s__Prevotella_intermedia	s__Dialister_pneumosintes	s__Parvimonas_micra	s__Bacteroides_vulgatus	s__Mock_Bacterium_6	s__Mock_Bacterium_7	s__Mock_Bacterium_8	s__Mock_Bacterium_9	s__Mock_Bacterium_10	s__Mock_Bacterium_11	s__Mock_Bacterium_12	s__Mock_Bacterium_13	s__Mock_Bacterium_14	s__Mock_Bacterium_15	s__Mock_Bacterium_16	s__Mock_Bacterium_17	s__Mock_Bacterium_18	s__Mock_Bacterium_19	s__Mock_Bacterium_20	s__Mock_Bacterium_21	s__Mock_Bacterium_22	s__Mock_Bacterium_23	s__Mock_Bacterium_24	s__Mock_Bacterium_25	s__Mock_Bacterium_26	s__Mock_Bacterium_27	s__Mock_Bacterium_28	s__Mock_Bacterium_29	s__Mock_Bacterium_30	s__Mock_Bacterium_31	s__Mock_Bacterium_32	s__Mock_Bacterium_33	s__Mock_Bacterium_34	s__Mock_Bacterium_35	s__Mock_Bacterium_36	s__Mock_Bacterium_37	s__Mock_Bacterium_38	s__Mock_Bacterium_39	s__Mock_Bacterium_40	s__Mock_Bacterium_41	s__Mock_Bacterium_42	s__Mock_Bacterium_43	s__Mock_Bacterium_44	s__Mock_Bacterium_45	s__Mock_Bacterium_46	s__Mock_Bacterium_47	s__Mock_Bacterium_48	s__Mock_Bacterium_49	s__Mock_Bacterium_50	s__Mock_Bacterium_51	s__Mock_Bacterium_52	s__Mock_Bacterium_53	s__Mock_Bacterium_54	s__Mock_Bacterium_55	s__Mock_Bacterium_56	s__Mock_Bacterium_57	s__Mock_Bacterium_58	s__Mock_Bacterium_59	s__Mock_Bacterium_60	s__Mock_Bacterium_61	s__Mock_Bacterium_62	s__Mock_Bacterium_63	s__Mock_Bacterium_64	s__Mock_Bacterium_65	s__Mock_Bacterium_66	s__Mock_Bacterium_67	s__Mock_Bacterium_68	s__Mock_Bacterium_69	s__Mock_Bacterium_70	s__Mock_Bacterium_71	s__Mock_Bacterium_72	s__Mock_Bacterium_73	s__Mock_Bacterium_74	s__Mock_Bacterium_75	s__Mock_Bacterium_76	s__Mock_Bacterium_77	s__Mock_Bacterium_78	s__Mock_Bacterium_79	s__Mock_Bacterium_80	s__Mock_Bacterium_81	s__Mock_Bacterium_82	s__Mock_Bacterium_83	s__Mock_Bacterium_84	s__Mock_Bacterium_85	s__Mock_Bacterium_86	s__Mock_Bacterium_87	s__Mock_Bacterium_88	s__Mock_Bacterium_89	s__Mock_Bacterium_90	s__Mock_Bacterium_91	s__Mock_Bacterium_92	s__Mock_Bacterium_93	s__Mock_Bacterium_94	s__Mock_Bacterium_95	s__Mock_Bacterium_96	s__Mock_Bacterium_97	s__Mock_Bacterium_98	s__Mock_Bacterium_99	s__Mock_Bacterium_100	s__Mock_Bacterium_101	s__Mock_Bacterium_102	s__Mock_Bacterium_103	s__Mock_Bacterium_104	s__Mock_Bacterium_105	s__Mock_Bacterium_106	s__Mock_Bacterium_107	s__Mock_Bacterium_108	s__Mock_Bacterium_109	s__Mock_Bacterium_110	s__Mock_Bacterium_111	s__Mock_Bacterium_112	s__Mock_Bacterium_113	s__Mock_Bacterium_114	s__Mock_Bacterium_115	s__Mock_Bacterium_116	s__Mock_Bacterium_117	s__Mock_Bacterium_118	s__Mock_Bacterium_119	s__Mock_Bacterium_120	s__Mock_Bacterium_121	s__Mock_Bacterium_122	s__Mock_Bacterium_123	s__Mock_Bacterium_124	s__Mock_Bacterium_125	s__Mock_Bacterium_126	s__Mock_Bacterium_127	s__Mock_Bacterium_128	s__Mock_Bacterium_129	s__Mock_Bacterium_130	s__Mock_Bacterium_131	s__Mock_Bacterium_132	s__Mock_Bacterium_133	s__Mock_Bacterium_134	s__Mock_Bacterium_135	s__Mock_Bacterium_136	s__Mock_Bacterium_137	s__Mock_Bacterium_138	s__Mock_Bacterium_139	s__Mock_Bacterium_140	s__Mock_Bacterium_141	s__Mock_Bacterium_142	s__Mock_Bacterium_143	s__Mock_Bacterium_144	s__Mock_Bacterium_145	s__Mock_Bacterium_146	s__Mock_Bacterium_147	s__Mock_Bacterium_148	s__Mock_Bacterium_149	s__Mock_Bacterium_150
Sample_001	0.01064387	0.002989264	0	0	0	0	0.092756844	0	0.001541271	0	0	0	0	0	0	0	0	0	0	0	0.073910389	0	0.004511421	0	0.001326827	0	0.000394384	0	0.001185635	0	0	0.160150216	0	0	0	0.000342963	0.00598516	0	0.000276701	0	0	0.005552745	0.003127579	0.00215836	0	0	0	0	0	0.000115958	0.007536243	0	0	0.013395361	0	0.025383925	0	0	0.007645236	0	0	0	0.00043123	0.000360286	0	0	0.003412809	0	0.008124043	0	0	0.085424162	0	0.090093063	0	0	0.00469102	0	0.004735453	0	0.002540122	0.008050877	0	0.001397962	0.000782367	0	0	0	0	0	0	0	0.000967974	0	0.001799195	0	0	0.006643682	0	0	0	0	0	0.000792155	0	0.008843278	0.1713876	0	0	0.003396223	8.49E-05	0	0	0	0	0	0.003677129	0	0.038752741	0.017732904	0	0	0.065179466	0.000238796	0.01274667	0	0	0	0	0.001439944	0	0.004520768	0	0.010162868	0.000626697	0	0.000822875	0	0	0.000336158	0.006211955	0	0	0.005702038	0.006628122	0	0.000332091	0	0	0
Sample_002	0	0.000809269	0	0.000644028	0	9.70E-05	0.016895175	0.001044089	3.74E-05	0	5.76E-05	0.00195355	0	7.84E-05	0	0	0.002095096	0	0.000247759	0	0	0	0	0.000800742	0	0	0	0	0.000238393	0	0.001414553	7.29E-05	4.75E-05	0.001062287	0	0	0.001042847	0.000349875	7.44E-05	1.96E-05	0	0	0.000621056	3.35E-05	0	0.00087469	0	0	0.000454706	4.12E-05	0	0	0	0.003330369	0	6.20E-05	0.001133771	0.001130942	0	0.898693505	0	0	0	0	0.000215443	0	0	0.000252042	0	0.000476745	0	0	0.001596797	0	0	0	0	0	0	0	9.39E-05	0	0	0	0.029469836	0.001438092	7.05E-06	0.000587657	0	0	8.29E-05	0.000321746	0	0	3.67E-05	0.000207313	0	0.000109571	0	0	0	0	0	0.00319124	0	0	0	0	0.00098326	0.001905505	6.34E-05	0.000359309	0	0	0.000244227	3.34E-05	0.010594147	2.32E-05	0.000167863	0	0	2.29E-05	0.004144601	0	0	0	0	0.000121851	0	0	0	0.001521567	0	0	0	0	0	0	0.000709967	0	0	0.000150993	0	0.00221374	0	0	0.00244655	0.000748322	0	0
Sample_003	0	0.000953466	0.013030568	0	0	0	0	0	0	0.001950968	0.001891459	0.0263183	0	0	0.0397921	0	0.01143429	0	0	0	0	0.00961212	0	0	0	0.000257775	0	0	0	0	0	0.000485878	0	0	0.020551836	0	0	0	0	0.000946733	0.000564548	0.004759227	0.00477142	0	0	0	0	0.000175132	0.000694768	0	0	0	0	0	0	0.000393628	0.002817034	0	0	0	0.008259829	0.062689165	0.002351822	0	0.01162315	0	0	0	0	0.000622938	0	0	0	0	0	0	0	0	0.233298014	0	0	0	4.18E-05	0.001021427	0	0	0.005790524	0.124593006	0.019561405	0.000922105	0.000484752	0	0	0.113935025	0.030925808	0	9.50E-05	0	0	0.034755694	0	0	0	0	0	0	0	0.002198888	0.003718432	0	0.01213314	0	0	0	0.005682202	0.000654252	0	0	0	0	0	0	0.001776744	0	0.010627688	0.045149261	0	0.011528402	0.024277737	0	0	4.95E-05	0	0	0	0.003390239	0.075939874	0.000184983	0	0	0	0.002738256	0	0	0	0	0.00608549	0.000446173	0.001046004	0
Sample_004	0.001126249	0.00862388	0	0.003498532	0	0.000261454	0.00103065	0.000161019	0	0	0	0	0.000314994	0.001958561	0.001019788	0	0.004360487	0.005808172	0.000441865	0	0	0	6.17E-05	0.019648459	0.034267104	0	0	0.002379168	0.603057181	0.011981937	0.000988482	0	5.14E-05	0.001917798	0	0	0	0	0.037282859	0	0	0	0	0	0.02685625	0	0	0	0	0	0	0.058153361	7.79E-05	0	0	0.000481909	0.000390418	0	0.001406766	0.000242283	0.002192767	0	0	0	0.000402809	0.005783638	0	0.00018071	0.00155724	0.005737506	4.53E-05	0.003784716	0	0.003996615	0.000277407	0	0	0.001405538	0	0.000209217	0	0	0	0	0.000346656	0	0	0	0	0	0.006791247	0	0	0	0	0	0	0.000850577	0.002681945	0.000381471	0	0	0	0.002123556	0.002507925	0	0	0.000537479	0.002809916	0.000550065	0.002279144	0.081048845	0	0.000665114	0.0141071	0.000564452	0	0	0	0	0.001324569	0	0	0.000823699	0	0	0	0.005965428	0	0.012575601	0	0.000556368	0	0	0	0	0	0	0	0	0	0	0.003327463	0.002488237	0	0	0.00074416	0	0.000525011	0
Sample_005	0.010956885	0	0.013724776	0	0.005511631	0	0	0.000200024	0	0.048042184	0	0.002157222	0	0.000253856	0.321017227	0	0.003000504	0.010293618	0	0.003772579	0	0.006189953	0	0	0	0	0.000333131	0.001874641	0	0	8.17E-05	0	0	0	0	0	0.012507544	0	0.000182696	0	0	0.067899854	0	0	0.001474774	0	1.10E-05	0	0.001519106	0	0	0.022945478	0.001408061	0	0	0	0.002478986	0.002297314	0.003582856	0	0.000765418	0	0	0	0.000579436	0.002982767	0	0.04881203	1.20E-05	0	0	3.81E-05	0.001214844	0	0	0	0	0.080200658	0	0.030664358	0	0	0	0.006415648	0	0.010034084	0	0	0	0	0.001171235	0	0.000277444	0	0	0	0	0.000197457	0.015302938	0	0	0.019648663	0.000589373	0.000144146	0	0	0.000186212	0.080606492	0	0.071729605	0.003676737	0	0	0	0	0.021902364	0	0.003256309	0.001165053	0	0	7.88E-05	0.000162613	0.01066022	0	0	0	0.004831487	0	0.000508333	0	0.000340699	0.005454802	0	0.018883756	0	0	0	0	0	6.07E-05	0.00018653	0	0.002540022	0.006789035	0.00056468	0.003502666	0	0	0.000144665
Sample_006	0	0	0	0	0	0	0	0.002686161	0	0	0	0	0	0	0	0.000454793	0	0	0	0.069639906	0.00764418	0.000602605	0	0	0	8.03E-05	0	0.001131341	0.001599312	0.006422355	0	0.000128446	0	0	0	0.016119055	0	0	0	6.70E-05	0.004382753	0.002811775	0	0	0	0	0.001714858	0	0	0	0.012121834	0	0	0.000736306	0	0.001000096	0	0.000712442	0	0	0.001277235	0	0	0	0.014616189	0	0.003166229	0.010997877	0.002188045	0	0	0.031097752	0	0	0	0	0	0	0.000800969	0	0	0	0	0	0.001731643	0.002964979	0	0	0	0.00120981	0.001681209	0.007156919	0	0.003987881	0	0	0.003309436	0.251902202	0	0	0	0	0	0.020014834	0.031799455	0.000592709	0.000351245	0	0.000615078	0	0	0	0	0.067369742	0.000544909	0	0.003287645	0	0.006927709	0	0	0	0.000117632	0	0.001737047	0	0.000659165	0.002903789	0	0	0.290703979	0.000641917	0.000697371	0	0	0.074578726	0	0	0	0.017044845	0.009577389	0	0	0	0	0	0.001328705	0	0	0.000362246
Sample_007	0	0	0	0	0.004052574	0	0	0.012300764	0.010055528	0	0	0.004286433	0	0.064848954	0.00228545	0.004831695	0	0	0.001132341	0	0	0	0	0.000681753	0	0.000131438	0	0	0	0.002424569	0.00091097	0	0.000152762	0	0.006667088	0.001013131	0.000358685	0.011402893	0	0	0	0	0.010150841	0	0.111099724	0	0	0.000693044	0	0.004498901	0	0.005591597	0	0	0.002346329	0.025835406	0	0	0	0	0.010000146	0.039466779	0	0	0.002311006	0	0.000714887	0	0.0025519	0	0.003572848	0	0	0.000749691	0	0	0	0	0.000116408	0.012654129	0	0.006475782	0	0.002513639	0	0	0	0	0	0	0.004195111	0	0.001686743	0	0.000373034	0.0015761	0.100738422	0.009962619	0.000882317	0	0.045416028	0	0	0	0.011174125	0	0	0	0.022561832	0	0	0	0.17550648	0.000696825	0.089039654	0.004108162	0	0.001050622	0	0	0	0	0.002633846	0	0.08755267	0	0	0	0.009432773	0.000357568	0	0	0	0.010090013	0.001052093	0	0.000238264	0	0	0.022451352	0	0	0	0	0.001957953	0.016191301	0.010194007	0	0	0
Sample_008	0	0.004321933	0.005260132	0	0.000651476	0.00051112	0	0.020441225	0	0	0	0	0	0	0	0.000208619	0.000147008	0.019960379	0	0	0	0	0	0.000150485	0.014362625	0.000729484	0	0	0.039394068	0	0	0	0	0	0.004203706	0.004628251	0	0	0.001166504	0	0	0	0	0.002172737	0.008477163	0	0	0	0	0.003916007	0.014412788	0	0.127592945	0.001481295	0.017965645	0	0	0.000238178	0	0.090031389	0.001337405	0.003025152	0	0.005277537	0	0.00406339	0	0	0.002927924	0	0	0.021034339	0	0.000199107	0	0.000197781	0.003587181	0	0	0	0	0	0.049378653	0	0	0.013467374	0	0	0	0	0.001080008	0.030676881	0	0	0	0	0.000218613	0	0	0	0.000269634	2.64E-05	0.000545623	0.000138888	0	0	0	0.177144766	0.013952053	0	1.32E-05	0.19132639	0.000121596	0	0.01513843	0	0.031206965	0.006049127	0	0.010793313	0.008934792	0	0	0	0.000433513	0.001117111	0	0	0	0	0	0	0	0	0.000270587	0.012853782	0.000274479	0.001249607	0	0	0	0.000135884	0.000588229	0.003712329	8.10E-05	0.004725839	0	0	0	0
Sample_009	0.003405246	0	0	0	0	0	0	0	0.000160359	0	0.000220279	0.000663025	0.000630056	0.015874547	0	0	0	0	0.000498662	0.193478528	0	0	0	0.006064587	0.001829958	0.002044651	0.002893571	0	0	0	0	0.000171232	0	0.461409974	0	0	0	0	0.008271654	0	0.001241863	0.001764218	0	0.000348316	0	0.000229234	0.002837817	0.000568316	0	0	0	0	4.92E-05	0.005601203	0	0	0	0	0	0	0.008097231	0	0	0.000420429	0	0.000156835	0.002122121	0.000434766	0	0	0.023511473	0.008963354	0	0	0	0	0	0	0	0.001428515	0	0.001954098	0.010925348	0	0.0005504	0.000184963	0	0	0	3.58E-05	0.00576627	0	0.002618827	0	0	0.002175131	0	0.001483374	0.00452516	0.005044325	0	0.019277777	0.00186815	0	0	0	0.002804515	0.002602911	0	0.00685011	0	0.013604504	0	0	0	0	0.000314944	0	0	0	0	0.007646544	0.002302213	0	0	0	0.000405027	0.001987134	0.000235859	0.008799771	0.056620434	0.030337725	0	0	0	0	0.000777294	0	0	0	0	0	0.006351841	0.028678876	0.017707292	0	0	0	0.000172236	0
Sample_010	0	0.000100274	0	0	0	0	0	0	0.000191338	0.005316583	0	0.011736386	0	0	0	0.002683312	0	0.000569826	0.001518232	0	0.002607049	0.113015827	0	0	0.069857089	0.002424108	0	0	0	0	0	0.001388589	0.275538492	0	0.016253392	0.006703944	0	0	0	0.000816503	0	0.000949975	0	0	0	0	0.00024904	0.000527758	0	0.000990369	0.000453976	0	0.039469145	0	0	0	0.000214486	0	0.001932378	0.002230989	0	0	0	0	0	0	0	0	0	0	0.010812502	0.03147286	0	0	0	0	0	0.000405633	0.002366953	0	0.006813625	0	0	0	0	0	0	0	0	0.016020457	0.013872014	0	0	0	0.008194694	0	0	0	0	0	0.00683309	0.110890231	0	0	0	0	0.016623114	0	0	0	0.002793231	0.000318388	0	0	0	0.011956412	0	0	0	0.008964894	0	0	0	0.003794252	0.00076668	0.013472786	0	0	0.000624457	0	0.015625022	0.001747952	0	0	0.005774666	0.023790648	0	0	0	0	0	0	0.00119198	0.005329266	0.080505927	0	0	0.04129921	0	0
Sample_011	0	0.000357905	0.000209818	0	0.000766833	0	0	0.007282638	0.001286206	0	0	0.000731662	0.000256979	2.58E-05	0	0.000844836	0.022237549	0	0.000138971	0	0	0.00345243	0	0	0.000511949	0	0	0.023602906	0	0	0	0	0.002056937	0.00080226	0	4.44E-05	0	0	0.000103835	3.45E-06	0	0	0	0	0	0.002752285	0	0.001970853	0	0	0	0	0.000186172	0	0	0.00224704	0.006699628	0	0	0.000626652	0.001032671	0.000241825	0	0.006315289	0	0	0.001232278	0	0	0	0	8.77E-05	0.001938663	0	0	0.001003606	4.26E-05	0	0.000248006	0.000213179	0	0	0	0.001219258	0	0	0	0.000517279	0	0.001280397	0.000126262	0	0	0	9.55E-06	0	0	0	0	0.000251296	0.000747583	0.016854802	0	0	0.000410408	0	0.001377435	0	0	0.000650623	0.000601253	4.73E-05	0	0	0	0.639763081	0.001958911	0	0.000459401	0.010716388	0.001351782	0	0	0.000283256	0	0.009346285	0.000440537	0.013970047	0	0	0	0	0	0	0	0	0	0	0	0.000127431	0	0	0.000919064	0.002663461	0	0.002538306	0.000741259	0.007739544	0	0.191331987
Sample_012	0	0	0.0080581	0	0.01074969	0	0.00765096	0	0	0	0	0	7.84E-05	0	0.073105115	0	0	0.001990447	0	0.016303444	0.00338734	0	0.00249526	0.000863371	0	0.002867006	0	0	0.040226703	0.00230405	0.012248083	0.005204471	0.000896287	0.01045027	0	0	0	0.008168037	0	0	0	0.002112986	0.031202675	0	0	0	0	0	0.015267478	0.007823037	0	0	0	0	0	0	0	0.244123223	0.004189753	0.000777906	0	0.004293692	7.08E-05	0	0	0	0	0	0	0	0	0	0.023939509	0	0.000841164	0	0	0	0	0	0	0	0.005254422	0	0.027052869	0	0.000664012	0	0.036544271	0.167190852	0.004432709	0	0.006284043	0	0.000854878	0	0	0	0	0.040447362	2.45E-05	0.021192766	0.001476623	0.000140386	0	0	0	0	0	0	0	0	0.006352043	0	0	0	0	0	0	0	0	0	0	0.008061698	0	0	0	0.005072509	0	0.001367614	0.000328005	0	0	0	0	0	0	0	0	0.079743093	0	0.00687548	0.003965546	0.020917568	0.008367059	0	0	0	0	0.005700378
Sample_013	0.126668477	0	0	0	0	0	0	0.007819667	0	0.01693307	0.001075806	0.003791561	0	0.016994173	0.001652238	0	0	0.000670914	0	0	0	0.003296613	0.00180305	0	0	0.006841953	0.000319306	0.047515532	0	0	0	0.004506966	0	0	0	0	0.000287004	0	0.002645161	0.001864435	0	6.56E-05	0.000943407	0.003403763	0	0	0	0.000499995	0.019650569	0.006643113	0	0	0	0	0.020912698	0	0	0	0	0	0	0	0	0	0.038392893	0	0.022293258	0.026912804	0	0.001243044	0	0.001839235	0.001526723	0.013443732	0	0	0	0.001860319	9.75E-05	0	0	0.071547211	0	0.000864385	0.002681511	0	0.00055989	0	0	0.00274639	0.008429693	0	0	0	0	0	0	0	0	0	0.011394157	0.001449985	0	0	0	0	0	0.000296905	0.000259588	0.003762479	0	0.245130856	0.010127901	0	0	0	0	0.000816684	0	0	0	0	0.000330783	0	0.178994883	0	0	0	0.025562109	0	0	0	0	0.002287124	0	0	0	0.007203581	0	0.003438922	0.005234613	0	0	0	0.009799542	0	0	0.002666232	0	0
Sample_014	0	0	0	0	0.000306955	0	1.41E-05	0.536875548	0	0.001578929	0	0.0017885	0.002864845	0	0	0	0	0	0	0.009755287	0	2.82E-06	0.003751181	0	0.000973217	0	0	0.006721573	0	0	0.000144707	6.40E-05	0.00028847	0.005669246	0	0	0.004307944	0	0	0	0.005008259	0	0.010892734	0	0	0	0	0.00017317	0	0	0	0	0	0	2.29E-05	0.001547834	0	0	0	0	4.06E-05	0.000219769	0	0.000154195	0	0	0	0	0.003600617	0	0	0.001759488	0.015357231	7.37E-05	2.41E-06	0	0.037013829	0.012039127	0.001536624	0.000377946	0	0.000144161	0	0	0	0.252040383	0	0	0	2.94E-05	0	0.000445617	0.000354195	0	0	0.009509874	0.001010741	0.000991703	0	0.001378024	0	0	0.000270911	0	6.85E-05	0	0.00038978	0	0	0.001488024	0	0	0.00220604	0	0.001717713	0	0	0.000772372	0.017387743	0	0	0.011971522	0	0	0	0	0	0	0	0	0	0.003362493	0	1.02E-05	0.000335946	0	0.000365675	0	0.000408106	0.018452582	0	0.001842674	0	0	0.008072739	0	0	0	4.52E-05	0
Sample_015	0.009610985	0	0	0.042989558	0	0.120956815	0	0	0	0.015126717	0	0.003269058	0	0	0	0.001622001	0.002865915	0.000619643	0	0	0	0.021743095	0	0	0	0	0	0.042044604	0	0.019038422	0.010881229	0	0	0	0.00223001	0	0	0	0	0	0	0.005012141	0.006403028	0	0	0.08910492	0	0.000863375	0	0.000169265	0	0	0.004720245	0	0	0	0.002137624	0	0.058754942	0	0	0.007411977	0	0	0	0	0.000894377	0	0	0	0	0	0.002387848	0.006132507	0	0	0.00018173	0	0	0.004589116	0	0	0.003155997	0.070512121	0	0	0	0.002655898	0	0	0.000185229	0	0	0	0	0	0.010610691	0.004703859	0	0	0	0	0	0.0003408	0	0	0	0	0	0	0	0.015166944	0	0	0	0.007704805	0	0	0	0.002762224	0	0	0	0	0	0	0.077423758	0.00136239	0	0	0	0	8.80E-05	0.026985032	0	0	0	0.000671802	0.002005744	0.017862876	0.005595018	0	0.235796429	0.000198216	0	0	0.000750151	0	0.003101379	0.028599462
Sample_016	0.001088297	0.028847469	0	0.001370992	0	0	0	0	0	0.002090929	0	0	0	0	0.005474739	0	4.01E-05	0.002661836	0	0.001193234	0	0	0.000363599	0.001503833	0	0	0	0	0.005324599	0	0	0.000362251	0	0	0.000554829	0.003538965	0.00672945	0	0.000425152	0	0	0.009948567	0	0.000278923	0	0	0.003243032	0	0.005158328	0	0.011514506	0	0	0	0.07602387	0.705953597	0.004726375	0	0	0	0	0	0.002225216	0.003800751	0	0	0.007520205	0	0	0	0	0.00666977	0	0	0	0.00535053	0	0	0.0056451	0.007674603	0.000780187	0.001217152	0	0	0	0	0.003823032	0.001551558	0.001424525	0	0.005682375	0.003259775	0	0.000490487	0	0	0.000539042	0.000250114	0	0	0.011699957	0.004824583	0.005511578	0	0	0	0	0	0	0	0	9.39E-05	0	0	0	0	0	4.62E-05	0.000150569	0	0	0	0.001934306	0	0	0.025449876	0.000683981	9.90E-05	0.000614333	0.002363807	0	0	0.00279348	0.001274314	0.001499762	0	0	0	0	0	3.50E-05	0	7.04E-05	0.000382764	0	0	0.000222238	0.000188586	0.00212601	0.001613492
Sample_017	0.000217863	0	0.000309197	0.000535944	0.026219106	0	6.86E-05	0	0.004675693	0	0	0	0	0	0.007063263	0	0	0	0	0	0	0	0.000583216	0	0	0	0.002897068	0	0	0	0	0	0	0	0	0	0.000709382	0.004814723	0	3.71E-05	0.030531289	0.01462149	0	0.003665629	0	0	0	0	0	0	0.000147666	0	0	0	0	0	0.000289233	0	0	0.002371657	0	0.004075319	0	0	0	0	0	0.00099547	0.003619161	0.000607111	0.007889559	0	0.000191592	0	0.001694218	0	0.000581498	0.016879596	0	0	0	0	0.049630964	0.000199144	0	0	0.000425421	0	0	1.98E-05	0.000897546	0	0	0.01655765	7.48E-05	0.004692637	0	0.000527326	0	0.001821548	0	0	0.000475669	0	0	0.000177065	0.336222471	0.011122203	0	0	0.002418908	0	0.002765861	0	0.000717972	0	0	1.09E-05	0	0.000168095	0.001309974	0.361442226	0.001924272	0	0	0	0	0	0	0	0	0	0.002802774	0	0	0.000511404	0	0.005792089	7.64E-05	0	0.000223225	7.45E-05	0	0.000497887	0	0	0	0	0	0.060127647
Sample_018	0	0	0	0.014055758	0.001135665	0.018785061	3.31E-05	0.006491897	0.012421715	0.040949682	0	0	0.001013039	0	0	0	0.000880006	0	0.035898877	0.00403321	0.006960698	0.000355803	0.003541146	0	0	0	0.12056129	0.047347846	0.011303095	0	0	0	0	0	0	0.001844945	0	0	0.001301772	0	0	0	0	0	0	0	0	0	0.071091067	0	0.000151177	0	0	0.000597184	0	0	0.001923823	0	0.038781222	0.082562358	0	0	0	0.006364662	0.021357278	0.024544425	0	0.007597315	0	0	0.026385559	0	0.007625188	0	0.014633733	0	0	0	0	0	0.011669223	0	0	0	0	0.054975635	0.009441123	0	0	0.014291399	0	0	0	0	0	0	0.00307341	0	0	0	0	0	0.017910515	0	0.001730023	0	0.000726103	0	0	0.019497889	0	0.001076445	0	0.000967643	0.016284543	0.000418754	0	0	0.019460829	0.02253491	0.00160041	0	0.010855678	0	0	0	0	0.000282013	0	0.003807251	0	0	0	0	0	0.012135265	0.016483155	0	0	0	0.000844034	0	0	0	0.012572649	0	0	0.00046737	0.022374989	0.09198913
Sample_019	0	0.01351619	0.085325063	0.011814723	0.002510657	0.01233085	0	0	0.000755103	0	0	0	0.004143975	0	0.003181096	2.29E-05	0	0	0	0	0	0	0.000183436	0	0.077254234	0	0.011528859	0	0.000345404	0.000577709	0.017879886	0	0.004700595	0	0	0	0	0	0.034132438	0	0	0	0.001663555	0	0	0.000842579	0	0	0	0.00101307	0.051053737	0	0	0	0.001315257	0.000617923	0	0	0.000158928	0.005298108	0.005370852	0.000305226	0.009139797	0	0	0	0.001425756	0	0	0	0	0.000342587	0	0	0.000570992	0	0.000913536	0.00094076	0.001347699	0.003978124	0	0	0	0	0	0	0.000326912	0	0	0	0	0.000500114	0	0.000238958	0	0	0	4.29E-05	0	0	0	0.33295078	0.003069539	0	0	4.37E-05	0.001297874	0.000288176	0.009513462	0.000508061	0	0.000427762	0.049384176	0	0	0.007769695	0	0.003188	0	0	0	0	0	0	0.001373165	0.046068913	0	0	0	0	0	0	0	0	0	0.000837152	0	0.039403127	0.128958134	0.00110942	0.002754336	0	0	0	0.0023525	0.000169877	0.000469632	0	0.000452113	0
Sample_020	0	0.013855949	0	0.004067912	0	0.000937681	0	0.001650367	0.027701797	0.003858437	0	0.006888134	0	0	0	0.00141401	0	0.000444273	0.007626901	0	0.000731565	0	4.03E-05	0	0	0	0	0	0	0	0	0	0.000777491	0	1.07E-05	0.000963278	0.000913521	0.042044242	0	0.005629524	0	3.69E-05	0.012163763	0	0.007232496	0	0	0	0.00147278	0.004649244	0.002389352	0	0	0.005058471	0	0.011742388	0	0	0	0.032341308	0	0	0	0	0	0	0.001842124	0	0.003184139	0.034945526	0	0	0.001772963	0	0	0	0.002074227	0	0.061453635	0.018782888	0	0	0	0	0	0	0	0	0	0.001193756	0	0.001029482	0	0	0	0	0	6.60E-06	0.001800842	0	0	0	0	0	0	0	0	0	0	0	0.000503092	0	0.000908547	0.000316299	0.030211209	0.001559458	0.005296556	0.000836394	0	0	5.71E-05	0.002281376	0.000169554	0.139295681	0.01619613	0.003233465	0.032768256	0	0.007760181	0.003902697	0.004437482	0.033339867	0	0	9.56E-05	0	0	0	0.000272979	0.325512293	0.054316877	0.008725794	0	0	0	0.003055698	0	0.00021839	0	0
Sample_021	0.000101532	0	0.002015815	0	0	0	0	0.000208801	0	0	0	0.065354615	0.000351308	0	0	0.036781407	0.000220809	0	0.00186996	0.013897603	0.050843804	0.001825606	0.002024619	0	0.000109564	0	0.006746896	0	0	0.004938772	3.18E-05	0	0	0	0.005187248	0.011268146	0	0.006482864	0.000672179	0	0.015621796	0	0.001426426	0	0	0	0	0.00235308	0	0	0.000296677	0	0	0.000961489	0.148132615	0	0	0.006937995	0	0	0	0	0.003824627	0.001599307	0.000222973	0.00877074	0	0	0.007233789	0	0	0.138831933	0	0	0.001064142	0.174925228	0	0.013933764	0	0	0.050871258	0.006104062	0	0	0	0	0	0	0	0	0	0.021065979	0	0	0.000819115	0.059570747	0	0	0.003558006	0	0.001121256	0	0	0	0.001071468	0.009497887	0	0	0	0	0.000451431	0	0.002525692	0.000410361	0.010036136	0.007623091	0	0	0	0	0	0	0.012312932	0	0.00348839	0.020237576	0.000101218	0	0	0	0	0	0.000144545	0	0	0.011181259	0	0	0.011883829	0	0.025072618	0	0.003781218	0	0	0	0	0	0	0
Sample_022	0	0	0	0.001400391	0	0	0.00024946	0.003688474	0	0	0	0	0.001183191	0	0.000294543	0	0	0.004065362	0	0	0.000447045	0.010003031	0.000212701	0	0	0.00065805	0	0.001087185	0	0	0.020973086	0	0	0	0	0	0	0	0.017677692	0	0.00130607	0	0	0	0.000137561	6.90E-05	0.012327343	0	0	0.007106587	0.004291974	0.006939887	0	0.038249382	0	0	0	0	0.017942872	0.0073071	0.031607142	0.00028092	0	0.062356819	0	0.104584316	0.000107868	0.001038211	0	0.012545405	0	0	0.045946059	0	0.005227315	0	0	0.036076208	0	0	0	0	0.000348085	0	0.00022889	0.004329082	0	0.000240882	0.004287984	0	0	0	0.000105315	0.024627232	0	0.013877046	0.007163582	0.000683918	0.004685106	0	0.009903525	0.005380131	0.010630382	0	0	0	0	0.000713163	0	0.052408385	0.001840753	0.003249176	0	0.030935657	0.011214745	0.143858569	0	0	0	0	0	0	0.017274144	0	0	0.044579824	0	0.003876717	0	0	0	0.003147029	0	0.01710391	0	0	0.001531359	0	0.000844448	0	0	2.05E-05	0.038104278	0	0.0002651	0	0.08470561	0.000447259	0	0
Sample_023	0	0	0	0.00044571	0.031345222	0	0	0	0.117424469	0	0	0	0	0	0	0	0	0	0	0	0.005132957	0.000568521	0	0	0.031537387	0	0	0	0.000390273	0.01841051	0	0	0.083354035	0.010930549	0.056974759	0	0	0.00257405	0	0	0	0.002134125	0.000445161	0	0.000503591	0	0.001963345	0	0	0	0	0	0	0.004046013	0	0	0	0	0	0.000488692	0	0.000118687	9.59E-05	0	0	0.172420685	0	0	0.007724382	0	0	0.000317535	0	0	0.000119804	0.00044725	0	0	0.009538633	0.000808055	0	0	0	0.02704201	0.031665251	0.001122462	0.000677724	0	0	0.004579271	0.000147995	0	0	0.00298049	0	0	0.009531457	0.06814551	0	0.001544383	0	0	0	0.002845471	0.008292652	2.19E-05	0.013565883	0	0	0	0	0.00154847	0.186144948	0.000656585	0	0	0	0	0	0	0	0	0	0	0	0	0	0	0	0	0	0.05120671	0.009854422	0.002850768	0	0	0.010923407	0	0.000263633	0	0	0.00101529	0	0	0	0	0	0	0.001596828	0.00151617
Sample_024	0	0.000197619	0	0	6.94E-06	0.147643733	0.021464436	0	0	0.000233529	0	0.108140954	0	0.018838816	0	0	0	0.003166776	0.000979966	0	0.002025991	0	0	0	0	0	0	3.61E-05	0.024435544	0.038921894	0	1.33E-05	0.001180853	0	0.000322279	0	0	0	0	9.96E-05	0	0	0.006561744	0.000833789	0.006765643	0	0	0.002209312	0	0	0	0	0	0	0	0	0	0	0.006614995	0.000836656	0	0	0	0	0	0	0.000495466	0.005683948	0	0	0.006648211	0	0.000352582	0	0.000759796	0.000232491	0.001637192	0	0	0	0.048604761	0	0	0	0	0	0	0	0	0.001764978	0.004714113	0.044294521	0	0.000281987	0	0	0	0	0	0.002264167	0	0	0	0	0	0	0.008757793	0	0	0.000180943	0.003874558	0.000535438	3.05E-05	0	0	0.002697108	0.003845899	0	0	0.014833575	0	0	0	0.00358573	0.000191807	0	0	0	0	0	0	0	0.113249474	0.000210782	0	0	0.000604997	0	0.029021186	0	0.020606711	0.008142521	0.243748174	0.000126182	0.030184381	0	0	0	0.004764288	0.001543273
Sample_025	0	0	0.062622703	0	0	0.000213462	0	0	0	0	0	0	0	0	0	0	0.000144554	0	0.01132519	0.006213958	0	0.002096907	0	0.001140394	0	0.00015594	0	0.00478537	0	0.000292876	0	0.000291981	0	0	0.002412337	0.001770285	0	0.002176299	0.000810615	0.002593776	0	0	0.000143358	0	0	0	0	0.001588807	0.004969162	0	0	0	0	0	0.001399662	0.00215068	0	1.60E-05	0	0.086709701	0	0.00024204	0	0	0	0	0	0	0	0.002043938	0	0.005942527	0	0.005353872	0.000912221	0	0.001201893	0	0.011256195	0	0	0	0	0	0.003468399	0	0	0	0	0	0.003016877	0	0	0	0	0.000552849	0	0	0	0	0	0	0.000166105	0	0	0	0	0	0.002424529	0.001123443	0	0	0	0	0.0078678	0.000756688	0.68108671	0	0	0.000839314	0.007603941	0.031307225	0	0	0	0	0	0.008820218	0	0	0.005774964	0	1.83E-05	0	0	0.000813336	0.000415533	0	0.00049477	0	0	0	0	0.00145299	0.000141877	0.000722164	1.33E-05	0	0.018087464	5.44E-05
Sample_026	0.001698911	0.010591548	0.067190242	0	0.001373472	0.000106885	0.006744444	0	0	0.00524505	0	0.005363725	0	0	0	0	0	0	0	0	0	0	0	0.001200138	0	0	0.000140795	0	8.64E-05	0.004616807	0	0	0	0	0	0	0.01032491	0	0	0.074321393	0	0	0	0	0.005571159	0	0	0	0	0	0.000341215	0.000223421	0	0	0.000919677	0	0	0	0	0	0.000751351	0.012707925	0	0	0.000437292	0	0.002550293	0	0	0	0.002464637	0	0	0	0.001435642	0.057127099	0.000521783	0.014540871	0	0	0	0	0.04355472	0.000318508	0	0.002476205	0.065179844	0	0	0	0	0	0	0	0.136921049	0	0	0.002172685	0	0	0.00192037	0	0.07325664	0	0	0	0	0.017895356	0.001288994	0.003710112	0.00222097	0	0.005407316	0.003563074	0.002606809	0.001277518	0	0	0.007254466	0	0	0.007518492	0	0	0	0.059480078	0	0.008916043	0	0	0	0.007790579	0	0.000924231	0.004824404	0.016029401	6.79E-05	0	0	0.029996081	0.021923474	0.01758393	0.001107341	0.000120734	0	0.040654373	0.089010276	0.02271308	0	0.011717952
Sample_027	0.000356854	0	0.030567826	0	0.027422574	0	0	0	0.003502992	0	6.40E-05	0.00168014	0.008172318	0	5.41E-05	0.000903137	0	0	0	0.000963656	0	0	0.000542784	0	0.00064178	0.000553793	0	0.002736764	0	0	0.004157323	0	0.006403322	0	0	0.00235946	0	7.55E-05	0	0.000231465	0	0	0	0	0.00047586	0	0	0	0.000619912	8.41E-05	0	0	0	0.003396765	0	0	0.000901154	0.000672203	0	0.001575608	0	0.047593221	0	0	0.000321537	0	0	0	0.061090672	0	0.000490377	0	0	0	0	0.001591956	0.002987064	0	0	0.000132987	0.016559081	0.028876788	0.593431883	0	0.001763981	0	0	0.00036255	0.05084087	0.000230519	0	0	0	0.004874453	0	0.001148807	0	0.000571903	0.029036837	0	0	0.001019591	0	0.00279287	7.05E-05	0	4.86E-06	0	0.000408714	0	0.001135497	0	0	0	0.000926514	0	0.000414842	0	0.00038536	0.000909943	0	0	0	0	0	0.000574264	0	0.00064546	0.026546162	0	0.006087613	0	0.000108555	0	0.000215035	0.007353786	0	0.000696827	0	0	0.001634483	0	4.29E-05	0	0.007005382	0	0	0	0	0
Sample_028	0	0	0	0	0	0	0.080554875	0	0	0	0.019382047	0	0.000645794	0	0	0.001219921	0	0	0.00040095	0.035606147	0.013579473	0.001056636	0.000199763	0.003237293	0	0.005423968	0.002092404	0	0	0	0.015361568	0	0.124200364	0	0.059553898	0	0.02413629	0.005074103	0.042252259	0.001993362	0.000480612	0	0	0.00673733	0	0	0	0	0	0.004998334	0	0	0	0.025455431	0.003816247	0.007034268	0	0.065216566	0.002897481	0.006877333	0.042802951	0	0	0	0	0.002052781	0.00266219	9.87E-05	0	0	0	0	0	0.006551889	0	0.000483602	0	0.157905506	0	0	0.002660261	0.004345421	0	0	0	0.001989853	0.003867877	0	0	0.004362331	0	0.114579192	0	0	0	0	0	0.003578337	0.001544934	0.007039993	0.003833351	0	0	0.000971125	0	0	0	0	0	0.005118612	0.004438001	0.011293201	0.002527562	0.000109901	0	0	0.002386421	0	0	0	0	0	0	0	0.00304588	0	0.004245967	0	0	0	0	0.001562239	0.000795987	0.001342766	0.001660352	0	0	0	0	0	0	0	0	0	3.65E-05	0.001604465	0.038828213	0.00018886	0	0
Sample_029	0	0.000507807	0.000626056	0	0	0.001284196	0	1.49E-05	0	0	0.002691454	0.001532143	0.022163584	0	0	0.013727977	0	0	0.008599295	0	0	0.024344642	0.004444389	0	0	0.012712265	0.188745343	0.010403833	0	0	0.000194174	0.067620345	0.001324517	0	0	0	0.07927619	0.002243772	0	0	0	0	0.001381236	0.018176702	0	0	0.006242324	0	0	0.004005737	0.038607627	0.006848982	0	0	0	0	0.000844204	0	0.003740993	0	0	0.002532418	0	0	0	0	0	0	0.000477245	0.0288348	0	0	0.000296893	0	7.88E-05	0.003670036	0	0.000650241	0.003921665	0.009306418	0	0	0.045673813	0	0.000946085	0	0	0.006515215	0.091929783	0.015089143	0.012428345	0	0	0.002961887	0	0.000211914	0	0	0	0	0.001926232	0.00029274	0.000640516	0	0	0	0	0	0	0	0	0	0	0	0	0.033602889	0	0.042887526	0	0.002292534	0	0.003626375	0	0.000521735	0	0	0.001365736	0	0.134509523	0	0	0.000447257	0	0	0.011574907	0.001235677	0.000162122	0	0	0	0	0.006596627	0	0	0	0.004746416	0.00408786	0.000189837	0	0.001464101
Sample_030	9.31E-05	0	0	0	0	0.02288657	0	0	0.017844388	0.021311471	0.010110878	0	0	0	0	0	0	0	0	0	0.00016769	0.001834407	0	0	0	0	0	0.324713766	0.009868666	0.001156972	0.007486195	0.007777107	0	0.008122501	0	0.002435326	0	0	0.007319029	0	0	0	0	0.001883918	0.029315972	0	0	0.000794855	0	0	0	0.046649607	0	0	0	0	0	0	0	0	0	0.004838736	0.000658312	0	0	0	0.009234425	0.000110768	0	6.47E-05	0.084623075	0.00062294	0	0	0	0.000567358	0.011018164	0	0	0	0	0	0	0	0.00180873	0	0	0	0.002766567	0	0.000362378	0	0.016487075	0.021311891	0	0.00119255	0	0	0	0	0.002031702	0.002021136	0	0	0	0.009740191	0	0.00038005	0	0	0.058909267	0	0	0	0	0.000541167	0	0	0	0	0.010435106	0.071267364	0.072877208	0	0	0	0.002173775	0	0	0.044996642	0	0	0	0	0	0	0	0	0.031851937	0	0.012057016	0	0	0.002184807	0	0	0.001092492	0	0	0
Sample_031	0.000470361	0.000214014	0	0	0	0	0	0	0	0	0.000297993	0	0	0	0.002242219	0.000515654	0.001388801	0	0.006423642	0	0	0	0.008637403	0.203045852	0.033904851	0.031559918	0	0	0	0.001063258	0	0.021194142	0	0	0	0	0.004936556	0	0	0	0	0	0	0.000968474	0	0	0	0	0	0	0	0.017150031	0	0.000463471	0.00273061	0	0	0	0	0.01187113	0.000376408	0	0	0	0	0.001022265	0	0	0.058412923	0	0	0	0	0.000994407	0.000715042	0	0.000304032	0	0.001030983	0.016886852	0	0.000446745	0	0	0.002196311	0.034796877	0.024688376	0.020108276	0	0	0.000938124	0	0.009534103	0	0.00314897	0	0.001837146	0	0.007439933	0	0	0.020868832	0.084220178	0.044110094	0	0	0	0	0.012629165	0	0	0	0	0	0	0	0	1.10E-05	0	0	0.00129179	0.101064087	0.000542614	0.014982669	0	0.039898561	0	0	0.028658256	0	0.000145646	0.001088381	0	0.017095755	0	0	0.009113421	0	5.66E-05	0	0	0.004139341	0	0	0	0.081117753	0	0.002986794	0	0.00202291
Sample_032	0.001480999	0	0	0.00847197	0.009942605	0	0.001296095	0.000370798	0.003983322	0.000489382	0	0.001381974	0	0	0	0	0	0	0	0.002614521	0	0	0	0	0	0	0.009732657	0.022233829	0.01363748	0	0	0	0.046155596	0	0	0	0	0.000364154	0.000135707	0.000926936	0	0.003959558	0.016322774	0.006984858	0	0	0.00675487	0	0.003134837	0.000952836	0	0	0	0.007736163	0.007726654	0	0	0	0.016452662	0	0	0.007964622	0	0	0	0	0	0.026009507	0.010335687	0.003045141	0.018251791	0	0	0	0.002071171	4.29E-06	0	0	0	0	0.000225829	0	0.000300504	0	0.004357261	0.01653746	0.000500667	0	0	0	0	0.006563729	0.002442903	0	0	0	0.00321311	0.000277398	0	0	0.022149522	0.001458469	0	0.001079155	0.000835634	0	0	0	0	0	0	0	0	0	0	0.004011019	0.000228513	0	0	0.011981367	0	0.000346572	0	0.002531245	0	0.011648862	0.002319805	0.026973404	0.00027237	0	0	0	0	0	0.602076386	0.001321447	0	0	0	0.001732269	0	0.001094385	0.001936084	0.004130859	0	0	0.006438647	4.94E-05	4.03E-05	0
Sample_033	0.003483521	0	7.75E-05	0.00030672	0.000747149	5.19E-05	0	0.004658361	0.021946633	0	0.005737248	0	0.004725179	0	0.002336594	0	0	0	0	0.000722519	0	0.000874848	0.000232854	0.001228514	0.001114835	0	0	0	0	0.000154549	0	0.000117811	0	0.004364399	0	0	0.000495103	0	0.018834827	0	0	0.001470192	0	0.000951901	0	0.003654482	0	0	0	0	0	0.206855901	0.003654851	0	0	0	0	0	0	0.000952135	0.000487928	0	0	8.48E-05	0	4.35E-05	0.001851204	0	0	0.000444742	0.594501799	0	0.000104865	0	0	0.000166135	8.66E-05	0.002999472	0.000323435	0	0	0	0	0.003269818	0	0.000489509	0.000269944	0	0	0.004508383	0.000244107	0.000110298	0	0	0	0	4.32E-05	0.000134513	0	0	0	0.000165047	0	0.000598976	0	0.008088913	0	0	0.002159097	0	0	0	0	0	9.93E-05	0.001928603	0	0	0	0	0	0.002326789	0	0	0.003091916	0.000463724	0.000515261	0.002036256	9.56E-05	0	0	0	0.027193207	0.011926364	0	0.00374636	0.001271629	0.01479048	0.009019323	7.68E-05	0	0	0	0	0	0.010116084	0.000287786	8.76E-05	0	0
Sample_034	0	0	0	0	0	0.00010972	0	0.014716259	0	0.00483052	0	0	0	0.003276803	0	0	0.000269779	0	0	0	0.037572378	0	0	0	0	0.000113166	0	0	0	0	0	0	0	0.001315692	0	0	0	0	0.002595988	0	0	0.006925564	0	0	0	0	0.007327209	0	0	0	0	0.000713156	0	0.000912646	0	0.000138112	0	0	0.000406694	0.001330712	0	0	0	0.001097908	0	0.000634604	2.62E-05	0.104912773	0	0	0.001572958	0.000405976	0.001217652	0	0.167829142	0	0	0.000732168	0	0.001818099	0	0	0	0	0	0.212193216	0.139625417	0	0	0.003800413	0.004792083	5.99E-05	0.001256088	0	0	0	0	0.001689958	0	0.001215816	0.007590525	0.003564787	0.003497659	0	0.000154991	0	0	0.001836185	0	0.000756535	0.000959249	0.014333465	0	0.000120832	0	0.001172362	0	0.04398858	0	0	0	0	0.005976443	0	0	0	0	0	0.003447504	0	0	0	0	0	0	0.184586846	0	0	0	0.000423841	4.63E-05	0	0.000109138	0	0	0	0	0	0	0
Sample_035	0	0	0	0.001752583	0	0.002243778	0.000191075	0	0	0	0	0	0	0	0.001146249	0	0.042588454	0	6.33E-05	0	0	0.000626595	0.000895489	0	0	0.00038197	0.000867098	0	0	0.001823048	0	0.008105431	0	0.003713691	6.33E-05	0.0016575	0	0	0	0.000401229	0.00047552	0	0.011853431	0.000663607	0	0	0.001169158	0	0.006673057	0	0.142096462	0	0	0	0	0	0	0.513475539	0.00103724	0	0.002587978	0	0.001247251	0.00154791	0	0.01050761	0.00054756	0	0.000323879	0.000157038	0	0.000117383	0.000654163	0	0	0	0.000110989	3.68E-05	0	0.001546897	0.002321408	0.000613984	0	0	0.012009729	0	0.000716753	0.002298997	0	0.047808074	0	0	0	0	0	0.000636065	0.011748627	0	0.000275818	0	0	0.000540389	0.002021354	0.00700312	0	0.007840695	0.015249325	0.000544941	0	0	0.001857432	0.000173397	0	0	0	0	0	0	0	0	0	0	0	0.000233931	0	0.000175205	0	0.00344364	0	0	0	0.004125431	0	0	0	0.093813368	0	0	0	0	0.001222461	0	0	0.005549553	0.010474767	0	0.000451677	0	0	0.00349955
Sample_036	0.000267158	0	0	0	0	0	0	0.000420738	7.12E-05	0	0	0	0	0	0.019961838	0	0.016376776	0.000616215	0	0	0.024365483	0.32618627	0.000167328	0	0	0	9.74E-05	0.000147506	0.000390589	0	0.000511447	0	0	0	0.046956701	0.004234664	0	0.028174116	0	0	0	0	0	0	0.025975131	0	0.00216149	0	0.007420871	0.003219578	0.001214477	0	0.010251749	0	0.001101916	0	0	0	0.00040402	0	0.001069114	0.021738811	0.000368417	0	0.000495728	0	0	0.001185986	0.001251371	0.005431561	0	0	0	0	0	0	0.000654513	0.002849819	0.004772296	5.60E-05	0	0	0.003077113	0	0	0	0	0.000371055	0.000920607	0.008612848	0	0	6.13E-05	0	0	0.052529242	0.001064011	2.26E-05	0	0	0.006291455	0	0.002577425	0	0.000626547	0.011039412	0	0	4.97E-05	0.00106392	0	0.002316028	0	0	0	9.23E-05	0	0	0.000693418	0	0	0	0.000205812	0	0.004370659	0.008093017	0.315968108	2.05E-05	0	0	0.000570536	0.000533715	0	0	0	0	0	0	0	0	0	0.002547335	0.002264531	0.002485154	0	0	0.002976969	0.007986553	0	0
Sample_037	0	0	0	0.004870148	0	0.004110248	0.000189734	0.040506882	0.002692228	0.038017135	0	0.001424449	0.000880349	0	0.000982234	0.014733561	0.001888971	0	0	0	0	0	0	0.003383076	0	0	0	0	0	0	0	0	0	0	0	0	0	0.043332892	0.008041274	0	0	0.001143935	0	0.001375646	0.018398493	0.002604291	0.000272911	0.139389989	0.007697284	0.000243424	0.00167739	0.005066802	0	0	0.0285889	0	0.001154455	0.002330097	0.000510849	0.002702061	0.003772573	0	0.035920352	0	0	0	0	0	0	0.005209278	0.084084875	0	0	0.001492633	0.00288993	0.107170071	0	0.00390145	0	0.036558138	0	0	0	0	0	0.018015614	0.005308291	0	0	0	0.001784052	0	0	0	0.009608633	0	0	0.001102507	5.04E-05	0.099472276	0	0	0.005650502	0.000255867	0	0	0	0	0.002577256	0.003056963	0	0	0.01452903	0	0.044344996	0.000194562	0.011135083	0	0	0	0	0	0.018316019	0.001187511	0.000732157	0	0.0380234	0.004166281	0	0.003257389	0	0	0	0.00618378	0.002944969	0	0	0	0	0	0	0	0.046938329	0	0.001955127	0	0	0	0	0
Sample_038	0.000334752	0.005282539	0	0	0.0020627	0	0.002724584	0.01908478	0.00220942	0	0	0	0.000671757	0.010434572	0.002494644	0.009312059	0.020626646	0.009340876	0.004044669	0.000318141	0	0	0.001177078	0	0	4.67E-05	0.000615621	0.003448439	0	0.002417001	0	0.018124706	0	0.005121353	0.024195883	0	0.000645637	9.78E-06	0	0	0	0	0.000518632	0.005035284	0	0	0	0	0	0	0	0.001904061	0.001527164	0	0.005412347	0.003641261	0.000184383	0	0.01413284	0.002525795	0	0	0.018697223	0.002822095	0.000842977	1.42E-05	0.001672623	0	0	0.001721769	0	0	0.000357445	0.006076719	0	0	0	0	0.000462724	0	0.000532689	0.013207855	0.003170753	0	0	0	0	0.000312029	0	0.003722434	0	0	8.11E-06	0	0	0	0	0.053921416	0	0	0	0.002765268	0	0	0	0	0	0	0	0	0	0.000370218	0.002377117	0	0	0.000132477	0.00938403	0	7.36E-05	0	0	0.002568124	0.000649816	0.665024611	0	0	0.003354851	0	0	0	0	0	0.000312643	0.002577483	0	0.000118019	0	0.00086573	0	0.001673044	0.002685605	0	0	0.000288473	0	0.006679772	0.001052705	0	0.00189881	0.007978452
Sample_039	0.003344637	0	0	0	0.001771691	5.43E-05	0.024675203	0	0	0.156932582	0.004188653	0.000443108	0.01952745	0.007802489	0.007748554	0.001502056	0	0.002085127	0.010699845	0	0	0	0	0	0	0	0	0.002219259	0	0	0	0	0	0.002404769	0.00111648	0	0.011212619	0	0.001002061	0.004289688	0	0.000483449	0.003666292	0.000187683	0.000102309	0.007329001	0	0.005274623	0.003395858	0.000499347	0.003215033	0	0	0	0	0	0.011014237	0.001813908	0.00124734	0	0.003732983	0.009891099	0.000494452	0	0	0.001860143	0	0.002999751	0.00530419	0.000136912	0.153733443	0.00253416	0.014203953	0	0	0	0	0	0	0.014214952	0	0	0.008784554	0.233875585	0.002670276	0.01148014	0	0	0	0	0	2.34E-05	0	0	0	0.002846124	0	0	0	0	0	0	0	0.133772875	0	0.00462668	0	0	0	0	0	0	0.00545359	0.000653576	2.70E-05	0	0.00068993	0	0.00028901	0	0	0.006022687	0.000378591	0	0	0	0.002830064	0	0.004852651	0	0	0.00277072	0	0	0	0.001519363	7.80E-05	0.063254782	0.000302095	0.001078736	0	0	0.00017752	5.03E-05	0	0	0	0	0	0.001136053
Sample_040	0	0.001032174	0.008995624	0.000373401	0	0	0	0	0	0.000747665	0	0.030819087	0.001353194	7.31E-05	0.000851006	0	0.000710209	0	0.000715444	0	0	0	0	0	0	0.000372302	0	0	0	0	0	0.04281916	0	0	0	0	0	0.000498428	0	0	0.001676376	0	0.000161043	0	0	0.01979707	0	0.02299098	0	0.023469096	0.002297067	1.70E-05	0.001950604	0.022029037	0	0	0	0	0.074796339	0	0	0.002222586	0	0	0	0	0.013036788	0	0	0.000293459	0	0.003649802	0.009586169	0	0	0	0.010143696	0	0	0.005921696	0	0	0.003247575	0	0.07511029	0.006395325	0	0.000112014	0	0.22930927	0	0	0	0	0.007084021	0.014003121	0.000794391	0	0	0.000132996	0	0.002781094	0.000630607	0	0.007643552	0.014707417	0.002066385	0	0	0	0	0	0.002834455	0.000168816	0	0	0.014502514	0	0.005196498	0.000808635	0.018606306	0.002647418	0.01042065	0	0	0	0	0.009191218	0	0.006991491	0	0	0.141856308	0	0.063617013	0.000846858	0	0	0	0.001202137	0.007749359	0	0.000358962	0	0.014866796	0.003724797	0.02650597	0.000231602	0	0.000254492
Sample_041	0	0.000970346	0	0.001145415	0.00223325	0.018284757	0	0.000143777	0.033511694	0.000642479	0	0	0	0	0	0	0	0	0	0.023561396	0	0	0	0.001976872	0.001815275	0	0	0.000168417	0	0	0	0	0.009362929	0	0.000197524	0.003937055	0	0	0	0	0	0.039201664	0	0.001681312	0	0.001490158	0.003440829	0	0	0	0	0	0	0	0.006781447	0	0	0	0	0	0.003782613	0	0	0	0	0	0.000644282	0	0	0.001267505	0	0	0.004961459	0	0.104211072	0	0	0	0	0	0	0.006502534	0.039422971	0	0	0.001760651	0.00184223	0	0.005813997	0	0	0	0.002475275	0.000600119	0.003959292	0	0.000348221	0	0	0	0	0.005435657	0	0.006900585	0	0	0.367754007	0	0.009975923	0.000801136	0	0.00027287	0	0.000597967	0	0	0	0	0.010336562	0.001722131	0.002725942	0	0.00074685	0	0	0	0	0.068576783	0	0	0.006269399	0.001146764	0.143877926	0	0.000688913	0	0	0.001093508	0.003741237	0.023181725	0	0.003126459	0.003315545	0	0	0.002206773	0	0.001629382	0	0.005737138
Sample_042	0.10684443	0	0.000517333	0	0	0	0	0.000387109	0.002920468	0	0	0	0.00019881	0.000113263	0.057160672	0.000714245	0	0	0.001756074	0.005834658	0.000414365	0.003164467	0.001132029	0.000173081	0.004768131	0.001433867	0	0	0	0.014019072	0	0	0	0.120641712	0	0	0	0.025058972	0	0	0.021178578	0	0	0.016478634	0	0.001800526	0	0	0.001335559	0.0011859	0	0	0.237653295	0.101688512	0	0.057467745	0	0	0	0	0	0	0	0	0	0	0.002487896	0	0.001427421	0	0	0	0.002039737	0	0	0.001260335	0.000140149	0.00533739	0	0	0.004346608	0	0.001680221	1.68E-05	0.001558038	0	0	0.002696738	0	0	0	0	0	0.015562347	0	0	0	0	8.20E-05	0.018177843	0	0.001186888	0	0.004440367	0	0	0	0.000164733	0	0.001251429	0	0.011398369	0	0.004497737	0	0	0.002811347	0.016853024	0.016799457	0	0	0	0	0	0	0.002874976	0.014990578	0	0	0	0.003046223	0	0.015282882	0	0	0.00070801	0.000303187	0	0	0.001292821	0	0.045629546	0.006673244	0.00580931	0	0	0.000378597	0	0	0.000752319
Sample_043	0	8.47E-05	0.010287415	0.014420651	3.08E-05	0	0	0.008391672	0	0.001601338	0.001044035	0	0.000126706	0	0	0.006334234	0.158014453	0	0	0	0	0	0	0.020602926	0.000565619	0	0	0.005214038	0.024468001	0.001888055	0	0	0	0.00084886	0	0	0	0	0.001996401	0	0.000237286	0	0	0	0	0	0.000636799	0.01927325	0	0	0.392766751	0	0	0	2.37E-05	0	0	0	0	0	0.009115788	0.014336979	0	0	0.024380883	0.05394589	0	0	0	0	0	0.001038285	0	0.019339421	0.001072445	0.013602566	0	0	0.009266234	0.001746813	0.092657605	0	0	0.001173805	0	0	0	0	0	0	0	0.001500323	0	0	0.000248496	0	0	0.000115568	0.008788294	0	0	0.000296789	0	0.004144699	0.004289574	0.021916216	0	0	0.000629905	0	0	0.001241933	0	0	0.003134318	0	0	0	0.004039737	0	0	0.000292193	0.020459953	0	0.000502638	0	0.000296559	0	0	0.000594604	0	0	0	0.000103762	0	0	0	0	0	0	0	0	9.50E-05	0.00917742	0.007254207	0	0.000326671	0	1.67E-05	0
Sample_044	0	0	0	0.000651583	0.000110454	0.00030159	0.000211386	0	0	0.002881314	0	0.000177455	0	0	0.000200764	0	0	0	0.006496484	0	0	0	0	0	0	0.007704688	0.017890283	0	0.001379662	0	0	0	0	0	0	0.332538581	0	0.000134787	0	0	0	0	0.015269888	0.00847386	0	0.004819866	0.016517593	0.023895138	0	0.00109827	0	0.000199802	0	0	0	0	0.028419098	0	0	0.03882834	0	0	0	0	0	0	0.066326404	0.002999807	0	0	0	0.001934873	0	0.011290795	0	0.003959039	0	0.002069321	0	0.000451597	0	0	0	0.027676799	0.000570379	0	0	0	0.000799848	0.000290366	0.003935294	0	6.77E-05	0.001576033	0.00265058	0	9.55E-05	0	0	0	0	0	0	0	0.001282602	0	0	0	0.00885051	0.037111006	0	0.033184885	0	0.042651613	0	0	0	0	0	0.029595484	0.001722693	0	0	0	0	0.022689636	0	0.00029944	0	0	0	0	0	0.000102591	0	0	0.039338322	0	0.000386691	0	0	0.000213178	0.042498273	0	0	0.03201572	0	0	6.58E-05	0.073096311
Sample_045	0.000183143	0.002713863	0.014979983	0.005612005	0.002142912	0	0	0.003515124	0.000500137	0	0	0.016551554	0	0	0.011205816	0.002406193	0.021339235	0.273770391	0	0.001538717	0	0.003549395	0	0	0	0	0.005096437	0.044360223	0.000740401	0.00582171	0	0.006024897	0.00109934	0.000525523	0	0.001098836	0.005187962	0	0.001091162	0.002222273	0	0.087777449	0.000438009	0.000632927	0	0.08809664	0	0	0.02206378	0.003606983	0.004038935	0	0	0.004744597	0	0.091376239	0.00019069	0.052132459	0	0.004391389	0.012778828	0	0	0	0	0.000380355	0.000196806	0.001570768	0	0.009843331	0	0.000637684	0.0050506	0.003095798	0.015698836	0.011419788	0.002566202	0.000401306	0	0.000804041	0.001285235	0	0	0.002179808	0	0	0.000860418	0.000379345	7.21E-05	0	0	0	0	0	0.006840448	0	0	0	0	0	0	0.001799965	0	0	0	0	0	0	0	0.001350624	0	0	0	0	0	0	0	0	0	0	0	0.021204971	0.004703063	1.65E-05	0.00088976	0.026464661	0.000480125	0.001544236	0	0	0.069718042	0.000412193	0	0.000619084	0	0	0	0	0	0.000309013	7.89E-05	0.001099982	0	0.000122035	0	0	0.000357807	0	0	0
Sample_046	0.004052571	0	0.000399235	0.001408332	1.40E-05	5.75E-06	0	0	0	0	0.003491618	0	0	0.019018259	9.69E-06	0.001549788	0.048524038	0.001191192	0.018394133	0	0.000635585	0	0	0	7.56E-05	0.003507902	0	0	0.003522221	0.000488013	0	0	0.000760799	0	0.002663888	0	0	0	0	0	0	0.000273379	0	0.000201164	0	0.011126635	0	0	0	0	0.000101569	0.00011048	6.16E-06	0	0.000120383	0.000526145	0.000109727	0.00272159	0	0	0	3.85E-05	0	1.00E-05	0	0	0	0	0.000674454	0	0.036414211	0	0	0.002065064	0	0.000205138	3.40E-05	0.000661192	0	0	0.001641351	0.000150985	6.77E-05	0	0	0	0.004336498	0	0	0.000404489	0	0	0	0	0	0	0	0	0	9.29E-05	0	0	0	0	0	0	0.00091732	0	0.000196826	0	0	0	0.032382085	0	0	0	0	0.000135187	0	4.81E-05	0.001535745	0	0	0.000272665	0	0	0.002039939	0.000156284	0.000371292	2.62E-05	0	0	0	0.000464338	0.000971879	0	0	0	0.000190966	0	0	0.787604625	5.62E-05	0	0.000164603	0	0	0	0.000623943	3.55E-05
Sample_047	0	0.004004548	0	0.001412057	0.001721192	0	0	0.001753202	0	0.000604283	0	0.052251996	0	0	0	0.000274014	0	0	0.119018243	0.003368232	0	0.001015856	0.008517564	0	0	0.000255205	0.003741963	0	0	0	0	0	0	0.003518716	0.020808319	0	0	0	0	0.000265858	0.001521145	0	0	0	9.92E-05	0	9.08E-05	0.021620881	0	0.014621478	0.000249706	0.037328614	0.000191566	0	0	0.000107405	0.004333953	0.13290082	0	0.004356794	0	0	0	0	0	0.010510579	0	0	0	0	0.000425437	0	0	0.036801743	0.053291828	0.003767036	0.006817004	0.026626241	0	7.24E-05	0.000258345	0	0.002061938	0.000936115	0	0	0.000217118	0	0	0.003194798	0	0	0.023788475	0.030712471	0	0.001977219	0	0	0	0.007964168	0	0	0.014983	0	0.014766193	0	0.089412011	0	0	0	0.006424912	0.003825905	0	0.015511579	0	0.008061275	0.003344215	0.000650222	0.047386927	0.004006121	0	0.000138961	0.001178058	0.003829379	0	0	0	0.0003764	0	0	0	0	0	0	0.088955552	0.041483576	0	0.000555816	3.71E-05	0	0	0.00156774	0	0.000170803	0	0	0.003675776	0	0.00028205	0
Sample_048	0	0	0	0	0	0	0.002191267	0	0.187059675	0	0	0.012432185	0	0	0	0.000575165	0.001744449	0	0	5.86E-05	0	0	0	0	0	0.046258753	0	0	0.011503611	0	0	0	0.000791728	0	0	5.59E-05	0.004959823	8.65E-05	0	0	0	0	0.000202749	0	0.014519425	0	0	0.003312565	0	0.000225607	0.002423414	0	0	0	0.01335197	0	7.85E-05	0	3.30E-05	0.007635089	0	0	0	0	0	0	0.125411821	0.001812864	0.000700632	0	0.001574022	0	0	0	0	0	0	0.013131586	0	0.051673425	0	0	0	0.004589821	0	0	0	0	0.00130895	0	0	0.00830129	0	0.000130481	0.006991302	0.009744639	0	1.87E-05	0	0.000860484	0	0	0.000651694	0	0.001740595	5.98E-05	0	0	0	0.001680484	0	0	0.011261019	0.000258266	0.000852519	0.002983864	0	0	0	0.004064634	0.001430317	0.002297369	0.002686862	0	0	0	0	0.000546421	0	0.000883917	0.007057582	0	0	0	0	0.014863806	0	0.262034428	0.002135946	0	0.005162397	0.004023291	0.003194481	0	0	0	0	0.003054135	0.131130759	0.000195308
Sample_049	0	0	0.008597014	0	0	0	0	0.03324994	0	0.017017491	0.192420459	0	0.000127833	0	0.001738224	0	0.00051792	0	0.000181916	5.22E-05	0	1.79E-05	0	0	0.001649986	0.000179661	0	0	0.002330666	0.006355878	0	0	0.002759592	0.007231469	0.000481213	0	0.001010807	0.002944559	0	0	0.006694356	0	0.000306422	0.00046696	0.006839812	0.000480359	0	0	3.65E-05	0	0	0	0	0.011686898	0	0	0.001431432	0.006188038	0.000525215	0.228056628	0.089310713	0.001730854	0	0.025621948	0	0.000454574	0	0	0	0	5.44E-05	0.002710516	0.010327169	0.001075989	0	0.000413549	0	0.001477562	0	0	0.000358771	0.026076711	0.086374118	0.001562936	0	0.000204305	0.014516664	0	0	0	4.59E-06	0	0	0	0	0.000731197	0.000324857	0	0	0	0.000450591	0	0	0.003329563	0	3.83E-06	0	0.02989198	0	0	0	0.000372636	0.002645097	0	0.000180685	0.036717319	0.000264058	0.020322135	0	4.53E-05	0	0	0	0.002758724	0.004367196	0.006959014	0.017838514	0.003823346	0	0	0	0	0	0	0.002741371	0.003088447	0.001570971	5.23E-05	0	0.019033551	0	0	0.009281621	0	0	0	0.00032645	0.000128689	0	0.028897801
Sample_050	0	0	0	0.027634272	0	0	0	0	0.000241129	0	0	0	0	0.000861366	0	0	0	0	0.000199807	0.000951558	0.003971056	0	0.00119059	5.74E-05	0	0.135099808	0.006618226	0	0	0.005785867	0	0.00576654	0.001399298	0.000532244	0	0	0	0.00490376	0.006294178	0.013841672	0	0.003056712	0.00019124	0	0	6.65E-05	0.04204136	0.00347669	0	0	0.000741588	0.008243366	0.002099285	0.001809682	0	0.073151402	0	0	0	0.027696386	0.021450483	0	0	0.005820143	0.254399581	7.69E-05	0	0	0	0	0	0	0	0	7.23E-05	0	0	0.000251447	0.00392	0.000116184	0.002831347	0.000151916	0.00657891	0.000411729	0.001061133	0	0	0.002328902	0	0.009235697	0	0	0.003138237	0	7.43E-05	0.052814909	0.012351554	0	0.031052722	0.001572038	0.001046315	0.006766573	0.000311803	0.020177627	0.00031643	0	0	0	0	0.000176459	0	0.002452824	0	0	0	0	0	0	0.001125932	0	0	0.001418239	0	0	0	0	2.93E-05	0	0.121332842	0.001290199	0	0.004722547	0	0	0	0	0.03054002	0	0.004317089	0.013176921	0	0.000555947	0.000783547	0	0	0	0	0	0	0.001825923
Sample_051	0.066135169	0	0	0	0	0	0.003162062	0	0	0	0.068719698	0.257234509	0	0	0	0	0.074152536	0.001278429	1.80E-05	0	0	8.79E-05	0	0.005169444	0	0	0.015993582	0	0	0	0.026102004	0	0	0.000869153	0	0.00024386	0	3.02E-05	0	0.001125737	0.007099847	0.001935683	0	0	0.017403185	0	0	0.000294858	0	0.060328693	0	0.097011679	0	0	0.011596648	0	0.029016871	0.00203271	0	0.001367695	0	0.000219398	0	0.012011781	0.004333266	0	0.001023784	0	0	0	0	0	0	0	0	0	2.83E-05	0.001971392	0	0.000120333	0.022618451	0.007962981	0	0	0.007888335	0.000404381	0	0	0.00463227	0.002944116	0.000385705	0	0	0	0	0	9.02E-05	0	0.015316194	0	0	0	0	0.000383699	0	0	0	0	0.000989553	0	0.003357594	1.31E-06	0	0	0.042539674	0.000241788	0	0	0	0	0	0	0	0	0	0.01135008	0	0.005608594	0	0.004619235	0	0.000380418	0	0	0.085148191	0	0.000233422	0	0	0	3.35E-05	0	0.000865139	0	0.01388677	0	0	0	0	0
Sample_052	0	0	0	0	0	0	0.076622367	5.12E-05	0	0.000683813	0.057027161	0	0	0.013799981	0.021875378	0.013233788	0.000467476	0	0	0	0	0	0	0	0	0	0	0	0	0.000635944	0.010639265	0	0	0.080121023	0	0.0222764	0	0.010859601	0.002296048	0.002476382	0	0.001110708	0.07260191	0.002661061	0	0.067369068	0	0	0	0	0.021817471	0.0003955	0	0.026791951	0.000798887	0	0	0	0	0	0	0	0.002235161	0.007138096	0	0	0	0	0	0	0	0	0	0.003758533	0	0	0	0.000144756	0.007723606	0	0.080194727	0	0.001633411	0	0	0.00012944	0	0.01036803	0	0.012544885	0	0	0.001037177	0.012156772	0.007928047	0.000725572	0.062618217	0	0	0	0	0.006909443	0	0.000860074	0	0.004711857	0	0	0.000219676	0	0	0	0	0	0.069039991	0	0	0	0.014682142	0.037789893	0	0	0	0.008910901	0.018736884	0.012230489	0	0	0	0	0	0	0.004549207	0	0.005396755	0	0.00453285	0.001023643	0.00326517	0.034972466	0.004604004	0	0	0.00148971	0.00424912	0.039891294	0	0	0.004892019	9.36E-05
Sample_053	0	0	0	0	0	0	0.003030543	0	0	2.75E-05	0.004083527	0.00090192	0	0.000580567	0	0.001743041	0.000404507	0	0	0	0.004266566	0	0.000479235	0	0	0.013250117	0.00114471	0.000827748	0	0	0	0	0	0.000749973	0	0	0	0	0.000741495	0	0	0	0.004802337	0.000584061	0.031147837	0	0	0.001480271	0.000350464	0.000669999	0.070645298	0	0.002646581	0.003801741	0.000174045	0	0	0	0	0	0.078351436	0	0	0	0	0.000168242	0	0	0.000127698	0.005490277	0	0.057854603	0.396723935	0.000212	0	0.00063407	0	0	0	0	9.19E-05	0	0	0	0	0.003331204	0	4.70E-05	0.004144842	0.000753172	0.001796953	0	0.000118179	0.000169912	2.68E-05	0.000429342	0.0184245	0.00101171	8.83E-05	0	0	0	0	0.000123079	0.011918421	0.001116921	0.001528071	0	0.006040654	0	0	0	0.000842516	0	0.000655119	0	0	0	0	0.003281159	0	0.013396863	0.000104318	0.016966193	0	0.004281411	0	0	0	6.61E-05	0	0	0	0	0	0.007042658	0	0.162450311	0.02562922	0.000728743	0	0.002290736	0	0	0.002932772	0.000195932	0.012118711	0.006449264	0	0.001310662
Sample_054	0	0	0.000954013	0.000101683	0	0	0	0	0.001966577	0.000765484	0.000464287	0.043286031	0	0	0	0.000652497	0.012860551	0.000766126	0	0	0.039983215	0	0.000442252	0	0	0.003112808	0	0.006956949	0.001943891	0	0.000255588	0	0	0.071680786	0	0	0.002547027	0	0.003136732	0.005232036	0	0	0	0	0.000398036	0.136098172	0	0.00030833	0.044678449	0	0.001533595	0.000598317	0	0	0.021102224	0	0	0.032775743	0.000876334	0	0	0	0	0	0	0	0	0	0	0	0	0.000528955	0	0.000244701	3.08E-06	0	0.000166924	0	0	0	0	0	0	0.007880224	0.000852517	0	0	0	0	0.148671826	0	0	9.16E-05	0.010864758	0	0	0	0	0	0	0.000188784	0	0	0	0	0.004164326	0	0	0	0	0	0	0	0	0	0.001962629	0.016818654	0.010433467	0.00175476	0	0.010899195	0	0	0	0	0.002229392	0	0	0	0	0	0	0	0.00775903	0	0	3.09E-05	0.000960204	0	0	0.000200446	0	0	0	0.001781502	0.319578657	0.016455682	0	0	0
Sample_055	7.64E-06	0.000237007	0	2.17E-05	0	0	0.000853548	0	0	0	0.00013419	1.93E-05	2.74E-05	7.28E-05	0	0	0.000121234	0	0.000579116	0.000941187	0.009014151	0	0	0.000896146	0.000472991	0.00541302	0	0	0.000640167	0.001617235	0.000533808	0	0.001617172	0	4.32E-05	0	0	0.00308487	0	0	0	0.000212242	0	0	0.00806308	0	0	0	0.001561748	0	0.002346205	0	0.000336031	4.41E-05	0	0	0.00132643	0	0.002203815	0	0.000694111	0	0.004480852	0	0	0	0	0	0	0.000734262	0	0.011542161	0	0	0	0.008676957	0.022612216	0	0.004188567	0	0	0	0	0	0.001026433	0	0.002809796	0	0	0.006119306	0.003084526	0.000405853	0	0.001105773	0.001143042	0	0	0	0	0	4.29E-07	0	0.000312717	0.000185505	0	0	0	4.07E-05	0.000106763	0	0.003203304	0	0.000190943	0	0	0	0	0	0.000592643	0	3.38E-05	0	0.002738865	0.002264064	0.005814451	0	0	0.072948656	0	0	0	2.29E-05	1.54E-05	0.000289479	0	0	0.005734204	0	0	0	0	0	0	0	0	6.20E-05	0	0	0.790812145	0.003565519
Sample_056	0	0.000185791	0	0	0	0	0.014475638	0	0	0.002629289	0	0.047742252	0.001052016	0	1.83E-05	0	0	0	0.000342203	0.007497059	0	0	0	0.000706065	0.000162242	0.00327128	0.210362612	0	0	0	0.000815242	0	0	4.27E-06	0.000206167	0	0.002080074	0.000198211	0	0	0	0	0.007682581	0	0	0	0	0	0.001056154	0	0.028128105	0.00058811	0	0.002027495	0.008101802	0	0	0.070266906	0.000426032	0	0	0	0	0	0	0	0	0	0	0	0	0.000108738	0.057074099	0	0	0	0	0	0	0.001196315	0	0	0.002073753	0.006385644	0	0	0	0	0	0	0	0.001487327	0.269410467	0	0	0	0	0	0.004937479	0.020031343	7.54E-05	0.00050442	0.003620497	0.007170791	0.123468727	0	0	0	0.000496838	0	0	0	0.000108804	0	0.008883396	0.003103137	0.00478927	0	0	0	0	0	0.002530224	0	0.001062379	0.001017561	0	0.000239922	0.007755512	0	0	0	0	0.01844538	0	8.31E-05	0	0	0	0	0	0	0.03577976	0.000768953	0	0	0	0	0.005940557	0.001424349
Sample_057	0.00392843	0	0.008594705	0	0.036790319	0	0	0	0	0.002267492	0.001835925	0	0.000296661	0	0	0.004440609	0.002161852	0	0	0	0.004371275	0.016247526	0	0.000432997	0	0	0.012955312	0	0	0.000847471	0	0	0.000688541	0.010832421	0.001382936	0	0	0.003634312	0	0	0	0	0	0.000178603	0.003584634	0	0.009310834	0.204326825	0.000510362	0	0	0	0	0	0	0	0	0	0	0.059119198	0	3.26E-05	0.006155141	0.000270079	0.017773831	0.001148244	0	0.040589537	0.000219323	0.00079345	0	0	0.000659512	0.000749388	0.006403155	0	0	0	0	0	0	0	0	0	0.13004986	0.011188241	0.005667229	0	0.007712112	0	0.030995194	0.000352885	0	0.000810555	0	0	0.007180917	0	0	0.020673466	0	0.000997231	0.108941045	0	0	0	0	0	0	0	0	0.007922886	0.003959702	0.006422197	0	0	0.000385106	0	0	0.023528316	0	0	0.000914462	0.000322555	0	0	0	0.003759432	0	0	0.000421721	0	0.006427829	0.039130361	0	0.010179492	0	0.073387763	0.004781109	0	0.001295559	0.000161447	0	0	0	0	0.002895228	0.0260026	0	0
Sample_058	0	0	0	0	0	0.003043415	0.001046619	0.155565357	0	0.021681821	0.00094938	0.008755405	0	0	0	0	0.02481361	0.00608261	0	0	0.000501356	0	0.004812606	0.024042084	0	0.004768923	0	0.000294224	2.33E-05	0.005015292	0	0	0	0	0.001244373	0	0.088108524	0	0	0.001393364	0	8.03E-05	0	0.002779258	0	0.001425258	0	0	0.000249931	0.004226189	0	0	0	0	0.007221071	0	0	0.070460765	0	0.000455181	0.0008457	0	0.003280214	0	0	0	0	0	0	0.050373285	0.00043624	0.008466377	0	0	0	0	0	0.014473749	0	0	0	0	0	0	0.000228966	0	0.027108299	0	0	0.000617751	0	0	0.020846692	0	0	4.12E-05	2.59E-05	0	0	0.000223147	0	0	0	0.001607998	0	0.000202314	0	0	0.002428118	0.002726714	0	0	0.010415894	0.059053557	0	0	0.000297136	0.000536337	0.004574078	0	0	0.048897653	0	0	0	0	0	0.005164602	0.004940606	0	0	0	7.25E-05	0	0.012104583	0	0	0.033473367	0	0	0	0	0	0	0.001976532	0.012960515	0.23083901	0	0.0017209	0
Sample_059	0	0	6.84E-05	0	0.040137001	0	0	0	0.020766845	0	0.000980181	0.00049574	0.000118593	0	0.011235952	0.003807149	0	0.001643171	0	0	0	0	0	0	0.000929606	0.000576275	0.6780486	0	0.002800986	0	0.000497201	0	0	2.85E-05	0	0	0.001855131	0	0	0	0	0	0.001593472	0	0.074155948	0	0	0.000710933	2.46E-05	0.000658944	0.007140628	0	0	0.000578486	0	0	0	0.002207455	0	0	0	9.19E-05	0	0	0.001077885	0.000493285	0.009345848	0.001783531	0	0	0	0.028239293	0	0.004560966	0.021570833	0	0	0	0	0	0.000282051	0	0	0	0.000110344	0.001923583	0.004316296	0.000674043	0	0	0	0	0.001391164	0	0	3.25E-05	0.000438454	0.007381582	0	0.013185308	0	0	0.003309992	0.004366127	0	0	0	0	0.003248238	0	0.001635884	0.002375586	0	0	0	0	0	0	0.003231218	0	0.002625652	0	0.002083406	0.000334767	0	7.98E-05	0.000140978	0.002399765	0.003443436	0	0	0	0	0.008091968	0.005036379	0	0.000411376	8.24E-05	0	0	0	0.005170014	0.001065271	0	0	0.000278226	0.000616414	0.001562987	0.000451479	0
Sample_060	0	0	0.000119908	0	0.002480062	0	0.005078118	0	0	8.89E-05	0	0.004393286	0	0	0.008602065	0.042649641	0	0.000615249	0	0	0	0	0	0	0	0.001721377	0	0.000289504	0.010405159	0	0	0	0.02384368	0	0	0.007902314	0.006597799	0	0	0.001978566	0.001830668	0	0	0.000389626	0.000354456	0.200442789	0	0.006160785	0	0	0.002654024	0	0.000475199	0	0.001435557	0	0.014547693	0	0.010368499	0.0131733	0	0	0	0.005890213	0	0	0	0.001213837	0	0	0.097110443	0.007350413	0	0.002615447	0.000357784	0	0	0.001838522	0	0	0	0.004771897	0	0.000465754	0	0.003039486	0.000464015	0	0.008689193	0	0.056805254	0	0	0.006712791	0.000464504	0	0	0	0.006519129	0	0	0	0.000512879	0	0	0	0	0.001639497	0.022538811	0.001839447	0	0.002534853	0	0	0.012722228	0	0	0.006063973	0	0.066362027	0.001532914	0	0	0	0	0	0.006192248	0	0	0	0	0.051800973	0	0.017497612	0	0	0	0	0.070686466	0	0.082382116	0	0.002459407	0	0	0	0	0.080327668	0	0
